CodVenta;Provincia;Vendedor;FormaPago;Producto;Categoria; Precio ; Cantidad ; Ventas 
ven004;Tumbes;Ana;Tarjeta;Cafe;Bebidas;644 ;24 ;14168 
ven009;Pasco;Ana;Tarjeta;Aceite;Aceite;299 ;81 ;53452 
ven018;Pasco;Ana;Tarjeta;Almejas;Sopas;135 ;97 ;24640 
ven019;Pasco;Ana;Cheque;Almejas;Sopas;135 ;43 ;14616 
ven025;Pasco;Ana;Cheque;TeVerde;Bebidas;42 ;77 ;20608 
ven028;Pasco;Ana;Tarjeta;Almejas;Sopas;135 ;60 ;11754 
ven041;Pasco;Ana;Tarjeta;SalsaCurry;Salsas;560 ;27 ;6300 
ven045;Pasco;Ana;Tarjeta;CiruelasSecas;FrutasSecas;49 ;20 ;12024 
ven047;Pasco;Ana;Cheque;Carne;Carne_Enlatada;258 ;71 ;25245 
ven052;Tumbes;Ana;Cheque;Cafe;Bebidas;644 ;28 ;16486 
ven055;Tumbes;Ana;Efectivo;Cafe;Bebidas;644 ;57 ;18018 
ven071;Pasco;Ana;Efectivo;CiruelasSecas;FrutasSecas;49 ;42 ;2142 
ven073;Pasco;Ana;Efectivo;CiruelasSecas;FrutasSecas;49 ;44 ;2842 
ven083;Tumbes;Ana;Tarjeta;Cafe;Bebidas;644 ;86 ;1323 
ven085;Pasco;Ana;Tarjeta;CiruelasSecas;FrutasSecas;35 ;96 ;87318 
ven086;Tumbes;Ana;Tarjeta;Almejas;Sopas;135 ;74 ;62370 
ven089;Tumbes;Ana;Tarjeta;Carne;Carne_Enlatada;258 ;98 ;10948 
ven090;Tumbes;Ana;Tarjeta;Cafe;Bebidas;644 ;34 ;9450 
ven092;Tumbes;Ana;Tarjeta;Almejas;Sopas;135 ;33 ;15015 
ven095;Pasco;Ana;Efectivo;CiruelasSecas;FrutasSecas;49 ;31 ;16653 
ven106;Pasco;Ana;Tarjeta;Aceite;Aceite;299 ;97 ;8232 
ven109;Pasco;Ana;Efectivo;JaleaFresa;Mermelada_Jaleas;350 ;13 ;12460 
ven110;Pasco;Ana;Tarjeta;SalsaCurry;Salsas;560 ;78 ;12600 
ven111;Pasco;Ana;Efectivo;Almejas;Sopas;135 ;25 ;30184 
ven113;Pasco;Ana;Tarjeta;TeVerde;Bebidas;42 ;52 ;10690 
ven117;Pasco;Ana;Tarjeta;Aceite;Aceite;299 ;69 ;54320 
ven125;Pasco;Ana;Tarjeta;Carne;Carne_Enlatada;258 ;93 ;17472 
ven128;Pasco;Ana;Efectivo;SalsaCurry;Salsas;560 ;72 ;23751 
ven131;Tumbes;Ana;Tarjeta;Carne;Carne_Enlatada;39 ;21 ;3391 
ven137;Pasco;Ana;Efectivo;Almejas;Sopas;135 ;37 ;36708 
ven145;Tumbes;Ana;Cheque;Cafe;Bebidas;21 ;96 ;792 
ven146;Pasco;Ana;Tarjeta;JaleaFresa;Mermelada_Jaleas;350 ;18 ;13860 
ven150;Tumbes;Ana;Efectivo;Almejas;Sopas;135 ;68 ;21280 
ven153;Pasco;Ana;Efectivo;SalsaCurry;Salsas;560 ;67 ;7448 
ven155;Tumbes;Ana;Tarjeta;Cafe;Bebidas;644 ;17 ;6955 
ven158;Pasco;Ana;Efectivo;TeVerde;Bebidas;42 ;49 ;4379 
ven163;Tumbes;Ana;Tarjeta;Almejas;Sopas;135 ;60 ;963 
ven166;Pasco;Ana;Cheque;JaleaFresa;Mermelada_Jaleas;350 ;21 ;3360 
ven169;Pasco;Ana;Tarjeta;TeVerde;Bebidas;42 ;64 ;18032 
ven170;Tumbes;Ana;Tarjeta;Almejas;Sopas;135 ;97 ;3626 
ven179;Tumbes;Ana;Efectivo;Cafe;Bebidas;644 ;36 ;15590 
ven195;Tumbes;Ana;Tarjeta;Carne;Carne_Enlatada;258 ;100 ;5359 
ven198;Pasco;Ana;Efectivo;Carne;Carne_Enlatada;258 ;39 ;1071 
ven213;Pasco;Ana;Tarjeta;CiruelasSecas;FrutasSecas;49 ;91 ;2112 
ven218;Tumbes;Ana;Efectivo;Carne;Carne_Enlatada;258 ;47 ;2058 
ven224;Pasco;Ana;Efectivo;Aceite;Aceite;299 ;54 ;3430 
ven227;Pasco;Ana;Efectivo;TeVerde;Bebidas;42 ;100 ;16464 
ven234;Pasco;Ana;Efectivo;Carne;Carne_Enlatada;258 ;12 ;13154 
ven235;Tumbes;Ana;Efectivo;Carne;Carne_Enlatada;258 ;25 ;2432 
ven236;Pasco;Ana;Tarjeta;Aceite;Aceite;299 ;90 ;19320 
ven241;Pasco;Ana;Tarjeta;Almejas;Sopas;135 ;87 ;816 
ven246;Pasco;Ana;Cheque;Carne;Carne_Enlatada;258 ;64 ;2512 
ven247;Tumbes;Ana;Efectivo;Cafe;Bebidas;644 ;96 ;33600 
ven256;Tumbes;Ana;Tarjeta;Carne;Carne_Enlatada;258 ;86 ;4998 
ven258;Pasco;Ana;Tarjeta;CiruelasSecas;FrutasSecas;49 ;28 ;43092 
ven259;Tumbes;Ana;Efectivo;Almejas;Sopas;135 ;46 ;6215 
ven268;Tumbes;Ana;Efectivo;Cafe;Bebidas;644 ;32 ;7319 
ven271;Pasco;Ana;Cheque;Almejas;Sopas;135 ;71 ;20624 
ven277;Tumbes;Ana;Efectivo;Almejas;Sopas;135 ;98 ;4458 
ven284;Pasco;Ana;Tarjeta;TeVerde;Bebidas;20 ;50 ;10268 
ven291;Pasco;Ana;Efectivo;SalsaCurry;Salsas;560 ;60 ;3684 
ven294;Pasco;Ana;Efectivo;Aceite;Aceite;299 ;60 ;84 
ven299;Pasco;Ana;Cheque;SalsaCurry;Salsas;560 ;97 ;7319 
ven300;Pasco;Ana;Tarjeta;Almejas;Sopas;135 ;19 ;10360 
ven301;Pasco;Ana;Cheque;Aceite;Aceite;299 ;36 ;8106 
ven304;Pasco;Ana;Efectivo;TeVerde;Bebidas;42 ;60 ;48720 
ven308;Tumbes;Ana;Tarjeta;Cafe;Bebidas;644 ;43 ;12494 
ven310;Tumbes;Ana;Cheque;Cafe;Bebidas;644 ;16 ;26880 
ven311;Tumbes;Ana;Tarjeta;Cafe;Bebidas;644 ;74 ;3648 
ven312;Pasco;Ana;Cheque;SalsaCurry;Salsas;560 ;61 ;18290 
ven320;Pasco;Ana;Efectivo;TeVerde;Bebidas;42 ;53 ;7056 
ven321;Pasco;Ana;Efectivo;CiruelasSecas;FrutasSecas;49 ;71 ;19964 
ven325;Pasco;Ana;Efectivo;TeVerde;Bebidas;42 ;88 ;1842 
ven328;Tumbes;Ana;Cheque;Carne;Carne_Enlatada;258 ;32 ;53508 
ven330;Pasco;Ana;Tarjeta;Aceite;Aceite;299 ;49 ;2800 
ven331;Pasco;Ana;Tarjeta;Almejas;Sopas;135 ;46 ;13104 
ven333;Tumbes;Ana;Cheque;Carne;Carne_Enlatada;258 ;80 ;26303 
ven334;Pasco;Ana;Tarjeta;Carne;Carne_Enlatada;258 ;65 ;26880 
ven336;Pasco;Ana;Efectivo;CiruelasSecas;FrutasSecas;49 ;74 ;10304 
ven337;Tumbes;Ana;Tarjeta;Almejas;Sopas;26 ;49 ;6182 
ven345;Pasco;Ana;Cheque;Carne;Carne_Enlatada;258 ;64 ;7700 
ven349;Pasco;Ana;Cheque;Aceite;Aceite;299 ;88 ;5460 
ven351;Tumbes;Ana;Tarjeta;Almejas;Sopas;135 ;44 ;17934 
ven357;Pasco;Ana;Cheque;Carne;Carne_Enlatada;258 ;10 ;1716 
ven359;Pasco;Ana;Tarjeta;Carne;Carne_Enlatada;258 ;66 ;54880 
ven363;Tumbes;Ana;Tarjeta;Carne;Carne_Enlatada;258 ;24 ;14646 
ven008;Pisco;Andres;Efectivo;Galleta;Productos_Horneados;29 ;73 ;2016 
ven021;Pisco;Andres;Tarjeta;Arroz;Granos;98 ;37 ;18026 
ven026;Pisco;Andres;Tarjeta;Arroz;Granos;98 ;37 ;35280 
ven031;Pisco;Andres;Cheque;MermeladaZarzora;Mermelada_Jaleas;1134 ;23 ;22386 
ven043;Pisco;Andres;Efectivo;MermeladaZarzora;Mermelada_Jaleas;1134 ;32 ;586 
ven044;Pisco;Andres;Tarjeta;MermeladaZarzora;Mermelada_Jaleas;1134 ;82 ;45724 
ven058;Pisco;Andres;Tarjeta;PastaPintada;Pasta;532 ;85 ;13860 
ven066;Pisco;Andres;Tarjeta;Arroz;Granos;98 ;29 ;21896 
ven069;Pisco;Andres;Tarjeta;Arroz;Granos;98 ;42 ;15120 
ven076;Pisco;Andres;Cheque;PerasSecas;FrutasSecas;14 ;57 ;6311 
ven096;Pisco;Andres;Tarjeta;PastaPintada;Pasta;532 ;59 ;6580 
ven107;Pisco;Andres;Cheque;PerasSecas;FrutasSecas;420 ;100 ;11592 
ven126;Pisco;Andres;Cheque;ManzanaSecas;FrutasSecas;742 ;27 ;1000 
ven129;Pisco;Andres;Tarjeta;MermeladaZarzora;Mermelada_Jaleas;1134 ;38 ;5978 
ven151;Pisco;Andres;Efectivo;Arroz;Granos;98 ;61 ;1546 
ven172;Pisco;Andres;Efectivo;Arroz;Granos;98 ;72 ;15456 
ven173;Pisco;Andres;Tarjeta;MermeladaZarzora;Mermelada_Jaleas;1134 ;77 ;2576 
ven178;Pisco;Andres;Tarjeta;CiruelasSecas;FrutasSecas;49 ;48 ;7308 
ven193;Pisco;Andres;Tarjeta;CiruelasSecas;FrutasSecas;12 ;68 ;23957 
ven196;Pisco;Andres;Tarjeta;Arroz;Granos;98 ;39 ;11693 
ven197;Pisco;Andres;Tarjeta;MermeladaZarzora;Mermelada_Jaleas;1134 ;98 ;32900 
ven207;Pisco;Andres;Tarjeta;Galleta;Productos_Horneados;129 ;62 ;5925 
ven221;Pisco;Andres;Efectivo;ManzanaSecas;FrutasSecas;16 ;72 ;57316 
ven222;Pisco;Andres;Cheque;Galleta;Productos_Horneados;129 ;80 ;5944 
ven248;Pisco;Andres;Tarjeta;PastaPintada;Pasta;532 ;96 ;22154 
ven252;Pisco;Andres;Tarjeta;MermeladaZarzora;Mermelada_Jaleas;1134 ;52 ;12970 
ven254;Pisco;Andres;Tarjeta;Arroz;Granos;98 ;76 ;19578 
ven285;Pisco;Andres;Tarjeta;MermeladaZarzora;Mermelada_Jaleas;1134 ;55 ;2051 
ven296;Pisco;Andres;Tarjeta;CiruelasSecas;FrutasSecas;49 ;70 ;10192 
ven316;Pisco;Andres;Cheque;MermeladaZarzora;Mermelada_Jaleas;1134 ;54 ;16660 
ven347;Pisco;Andres;Tarjeta;Arroz;Granos;98 ;19 ;10046 
ven001;Talara;Hugo;Efectivo;Cerveza;Bebidas;196 ;67 ;13860 
ven005;Talara;Hugo;Efectivo;SalsaCurry;Salsas;560 ;94 ;23184 
ven012;Talara;Hugo;Tarjeta;Cerveza;Bebidas;196 ;84 ;5809 
ven015;Talara;Hugo;Tarjeta;Chocolate;Dulces;179 ;16 ;39760 
ven020;Talara;Hugo;Efectivo;Cerveza;Bebidas;196 ;68 ;12159 
ven024;Talara;Hugo;Efectivo;Chocolate;Dulces;179 ;44 ;20608 
ven033;Talara;Hugo;Cheque;Cerveza;Bebidas;196 ;52 ;12852 
ven034;Talara;Hugo;Efectivo;Chocolate;Dulces;179 ;76 ;12674 
ven036;Talara;Hugo;Cheque;Chocolate;Dulces;179 ;71 ;1674 
ven049;Talara;Hugo;Tarjeta;Cerveza;Bebidas;196 ;85 ;21000 
ven063;Talara;Hugo;Tarjeta;SalsaCurry;Salsas;560 ;17 ;264 
ven070;Talara;Hugo;Tarjeta;Cerveza;Bebidas;196 ;65 ;2499 
ven079;Talara;Hugo;Efectivo;Chocolate;Dulces;179 ;72 ;16450 
ven087;Talara;Hugo;Efectivo;Cerveza;Bebidas;196 ;98 ;4894 
ven097;Talara;Hugo;Efectivo;SalsaCurry;Salsas;560 ;63 ;9918 
ven099;Talara;Hugo;Tarjeta;Chocolate;Dulces;179 ;44 ;1152 
ven108;Talara;Hugo;Efectivo;Chocolate;Dulces;179 ;82 ;7854 
ven127;Talara;Hugo;Efectivo;Chocolate;Dulces;179 ;96 ;17920 
ven140;Talara;Hugo;Efectivo;Chocolate;Dulces;179 ;96 ;3558 
ven165;Talara;Hugo;Tarjeta;SalsaCurry;Salsas;33 ;64 ;9940 
ven199;Talara;Hugo;Cheque;ManzanaSecas;FrutasSecas;742 ;16 ;17002 
ven200;Talara;Hugo;Efectivo;ManzanaSecas;FrutasSecas;742 ;14 ;2679 
ven202;Talara;Hugo;Tarjeta;Cerveza;Bebidas;196 ;84 ;9187 
ven205;Talara;Hugo;Efectivo;Cerveza;Bebidas;196 ;53 ;3626 
ven226;Talara;Hugo;Tarjeta;Chocolate;Dulces;179 ;15 ;26901 
ven269;Talara;Hugo;Cheque;Chocolate;Dulces;179 ;41 ;31388 
ven281;Talara;Hugo;Cheque;ManzanaSecas;FrutasSecas;742 ;34 ;15708 
ven283;Talara;Hugo;Tarjeta;SalsaCurry;Salsas;560 ;32 ;8316 
ven292;Talara;Hugo;Efectivo;Chocolate;Dulces;179 ;12 ;4999 
ven297;Talara;Hugo;Tarjeta;PerasSecas;FrutasSecas;420 ;46 ;10889 
ven302;Talara;Hugo;Tarjeta;Chocolate;Dulces;179 ;19 ;3392 
ven303;Talara;Hugo;Cheque;Cerveza;Bebidas;32 ;75 ;3140 
ven319;Talara;Hugo;Efectivo;PerasSecas;FrutasSecas;420 ;33 ;9240 
ven324;Talara;Hugo;Tarjeta;PerasSecas;FrutasSecas;420 ;96 ;980 
ven350;Talara;Hugo;Cheque;Chocolate;Dulces;179 ;28 ;19320 
ven057;Huancayo;Jose;Efectivo;Cerveza;Bebidas;196 ;23 ;1036 
ven062;Huancayo;Jose;Tarjeta;Cerveza;Bebidas;196 ;21 ;3360 
ven072;Huancayo;Jose;Tarjeta;Cerveza;Bebidas;196 ;72 ;12835 
ven075;Huancayo;Jose;Cheque;Cerveza;Bebidas;196 ;78 ;47600 
ven081;Huancayo;Jose;Tarjeta;Chocolate;Dulces;12 ;79 ;14000 
ven102;Huancayo;Jose;Efectivo;Cerveza;Bebidas;196 ;50 ;12740 
ven177;Huancayo;Jose;Tarjeta;Cerveza;Bebidas;196 ;42 ;20020 
ven231;Huancayo;Jose;Cheque;CoctelFrutas;Frutas_Vegetales;546 ;54 ;13566 
ven249;Huancayo;Jose;Tarjeta;Cerveza;Bebidas;196 ;38 ;4760 
ven255;Huancayo;Jose;Cheque;Cerveza;Bebidas;196 ;96 ;10584 
ven263;Huancayo;Jose;Efectivo;CoctelFrutas;Frutas_Vegetales;546 ;98 ;1005 
ven266;Huancayo;Jose;Cheque;Chocolate;Dulces;179 ;14 ;13860 
ven298;Huancayo;Jose;Tarjeta;Chocolate;Dulces;179 ;47 ;102 
ven352;Huancayo;Jose;Efectivo;CoctelFrutas;Frutas_Vegetales;546 ;26 ;4116 
ven354;Huancayo;Jose;Efectivo;Cerveza;Bebidas;196 ;79 ;28644 
ven358;Huancayo;Jose;Efectivo;Chocolate;Dulces;179 ;35 ;15288 
ven016;Conchucos;Julian;Efectivo;SalsaCurry;Salsas;560 ;28 ;5040 
ven029;Conchucos;Julian;Efectivo;Jarabe;Condimentos;140 ;82 ;15680 
ven032;Conchucos;Julian;Efectivo;SalsaCurry;Salsas;560 ;12 ;720 
ven048;abancay;Julian;Tarjeta;CiruelasSecas;FrutasSecas;49 ;70 ;1722 
ven054;abancay;Julian;Efectivo;Cafe;Bebidas;42 ;41 ;25760 
ven080;Conchucos;Julian;Efectivo;SalsaCurry;Salsas;560 ;10 ;8243 
ven135;abancay;Julian;Tarjeta;Cerveza;Bebidas;196 ;14 ;17136 
ven136;Conchucos;Julian;Efectivo;TeVerde;Bebidas;42 ;24 ;13328 
ven164;Conchucos;Julian;Efectivo;SalsaCurry;Salsas;560 ;71 ;29120 
ven167;abancay;Julian;Tarjeta;Cafe;Bebidas;644 ;83 ;9800 
ven168;Conchucos;Julian;Cheque;Almejas;Sopas;135 ;96 ;2400 
ven175;Conchucos;Julian;Tarjeta;TeVerde;Bebidas;42 ;75 ;11872 
ven182;Conchucos;Julian;Efectivo;Almejas;Sopas;135 ;95 ;798 
ven188;Conchucos;Julian;Tarjeta;Jarabe;Condimentos;140 ;99 ;4637 
ven203;Conchucos;Julian;Efectivo;Almejas;Sopas;28 ;37 ;50960 
ven204;Conchucos;Julian;Efectivo;SalsaCurry;Salsas;560 ;88 ;34 
ven212;abancay;Julian;Efectivo;TeChai;Bebidas;252 ;74 ;12365 
ven219;abancay;Julian;Tarjeta;CiruelasSecas;FrutasSecas;34 ;1 ;24211 
ven225;Conchucos;Julian;Tarjeta;TeVerde;Bebidas;42 ;88 ;27692 
ven228;abancay;Julian;Efectivo;TeChai;Bebidas;22 ;29 ;11480 
ven242;Conchucos;Julian;Efectivo;Jarabe;Condimentos;24 ;33 ;948 
ven261;Conchucos;Julian;Tarjeta;SalsaCurry;Salsas;21 ;51 ;13154 
ven267;Conchucos;Julian;Tarjeta;Jarabe;Condimentos;140 ;48 ;8260 
ven272;abancay;Julian;Efectivo;Cafe;Bebidas;644 ;96 ;43680 
ven273;Conchucos;Julian;Tarjeta;SalsaCurry;Salsas;560 ;24 ;1680 
ven274;Conchucos;Julian;Efectivo;SalsaCurry;Salsas;560 ;98 ;40320 
ven275;Conchucos;Julian;Efectivo;Jarabe;Condimentos;140 ;89 ;7319 
ven276;Conchucos;Julian;Cheque;Jarabe;Condimentos;140 ;11 ;26082 
ven280;Conchucos;Julian;Efectivo;Jarabe;Condimentos;140 ;71 ;1690 
ven288;abancay;Julian;Tarjeta;TeChai;Bebidas;252 ;57 ;4410 
ven327;Conchucos;Julian;Efectivo;Jarabe;Condimentos;140 ;36 ;61824 
ven332;abancay;Julian;Tarjeta;Cerveza;Bebidas;14 ;10 ;3684 
ven338;Conchucos;Julian;Tarjeta;SalsaCurry;Salsas;560 ;91 ;1340 
ven348;Conchucos;Julian;Cheque;Almejas;Sopas;135 ;43 ;14000 
ven355;Conchucos;Julian;Efectivo;Jarabe;Condimentos;140 ;24 ;62468 
ven002;Cusco;Lara;Tarjeta;Galleta;Productos_Horneados;129 ;75 ;1465 
ven003;Cusco;Lara;Efectivo;TeVerde;Bebidas;42 ;32 ;2321 
ven006;Cusco;Lara;Tarjeta;CiruelasSecas;FrutasSecas;49 ;21 ;12880 
ven010;Cusco;Lara;Efectivo;Galleta;Productos_Horneados;12 ;60 ;29876 
ven011;Cusco;Lara;Cheque;CiruelasSecas;FrutasSecas;49 ;11 ;7350 
ven023;Cusco;Lara;Tarjeta;CiruelasSecas;FrutasSecas;49 ;53 ;6720 
ven030;Cusco;Lara;Tarjeta;Galleta;Productos_Horneados;129 ;96 ;3056 
ven035;Cusco;Lara;Tarjeta;TeVerde;Bebidas;42 ;23 ;7854 
ven037;Cusco;Lara;Tarjeta;Galleta;Productos_Horneados;129 ;49 ;9592 
ven042;Cusco;Lara;Efectivo;AjiPanca;Condimentos;308 ;30 ;55384 
ven059;Cusco;Lara;Tarjeta;Bolillos;Productos_Horneados;140 ;34 ;2177 
ven060;Cusco;Lara;Tarjeta;Almendras;FrutasSecas;140 ;74 ;2401 
ven084;Cusco;Lara;Cheque;AjiPanca;Condimentos;308 ;93 ;42874 
ven101;Cusco;Lara;Efectivo;Galleta;Productos_Horneados;129 ;83 ;10304 
ven104;Cusco;Lara;Tarjeta;JaleaFresa;Mermelada_Jaleas;26 ;65 ;2597 
ven121;Cusco;Lara;Efectivo;Galleta;Productos_Horneados;129 ;34 ;13240 
ven123;Cusco;Lara;Tarjeta;Bolillos;Productos_Horneados;140 ;55 ;34104 
ven141;Cusco;Lara;Cheque;JaleaFresa;Mermelada_Jaleas;350 ;60 ;11396 
ven152;Cusco;Lara;Efectivo;Bolillos;Productos_Horneados;140 ;90 ;2135 
ven162;Cusco;Lara;Cheque;Bolillos;Productos_Horneados;140 ;49 ;4459 
ven174;Cusco;Lara;Efectivo;CiruelasSecas;FrutasSecas;49 ;78 ;45310 
ven183;Cusco;Lara;Efectivo;Almendras;FrutasSecas;140 ;20 ;2678 
ven186;Cusco;Lara;Tarjeta;AjiPanca;Condimentos;40 ;88 ;2567 
ven187;Cusco;Lara;Tarjeta;Bolillos;Productos_Horneados;140 ;94 ;819 
ven189;Cusco;Lara;Tarjeta;CiruelasSecas;FrutasSecas;49 ;27 ;18648 
ven191;Cusco;Lara;Efectivo;Galleta;Productos_Horneados;129 ;38 ;6215 
ven201;Cusco;Lara;Efectivo;JaleaFresa;Mermelada_Jaleas;350 ;52 ;7371 
ven206;Cusco;Lara;Efectivo;Bolillos;Productos_Horneados;140 ;46 ;1274 
ven210;Cusco;Lara;Tarjeta;AjiPanca;Condimentos;308 ;97 ;40880 
ven211;Cusco;Lara;Tarjeta;Almendras;FrutasSecas;140 ;12 ;2156 
ven214;Cusco;Lara;Tarjeta;JaleaFresa;Mermelada_Jaleas;350 ;40 ;2744 
ven220;Cusco;Lara;Tarjeta;TeVerde;Bebidas;42 ;41 ;34160 
ven223;Cusco;Lara;Tarjeta;JaleaFresa;Mermelada_Jaleas;350 ;47 ;9240 
ven229;Cusco;Lara;Cheque;Almendras;FrutasSecas;140 ;80 ;4365 
ven230;Cusco;Lara;Tarjeta;AjiPanca;Condimentos;308 ;51 ;6569 
ven233;Cusco;Lara;Tarjeta;Almendras;FrutasSecas;140 ;55 ;16464 
ven239;Cusco;Lara;Efectivo;Galleta;Productos_Horneados;129 ;13 ;7700 
ven240;Cusco;Lara;Cheque;JaleaFresa;Mermelada_Jaleas;350 ;27 ;51072 
ven250;Cusco;Lara;Tarjeta;CiruelasSecas;FrutasSecas;49 ;49 ;3479 
ven262;Cusco;Lara;Efectivo;Galleta;Productos_Horneados;129 ;41 ;140 
ven265;Cusco;Lara;Efectivo;Bolillos;Productos_Horneados;140 ;99 ;2679 
ven270;Cusco;Lara;Tarjeta;Almendras;FrutasSecas;140 ;59 ;29568 
ven278;Cusco;Lara;Tarjeta;TeVerde;Bebidas;42 ;88 ;3750 
ven287;Cusco;Lara;Efectivo;TeVerde;Bebidas;42 ;35 ;15484 
ven290;Cusco;Lara;Efectivo;Almendras;FrutasSecas;140 ;97 ;50960 
ven305;Cusco;Lara;Efectivo;TeVerde;Bebidas;41 ;96 ;8106 
ven307;Cusco;Lara;Tarjeta;AjiPanca;Condimentos;308 ;80 ;921 
ven309;Cusco;Lara;Efectivo;CiruelasSecas;FrutasSecas;49 ;90 ;2856 
ven315;Cusco;Lara;Tarjeta;AjiPanca;Condimentos;308 ;37 ;16486 
ven317;Cusco;Lara;Efectivo;JaleaFresa;Mermelada_Jaleas;350 ;94 ;17136 
ven335;Cusco;Lara;Cheque;Almendras;FrutasSecas;140 ;47 ;13132 
ven339;Cusco;Lara;Efectivo;AjiPanca;Condimentos;308 ;98 ;24948 
ven343;Cusco;Lara;Efectivo;AjiPanca;Condimentos;308 ;65 ;638 
ven353;Cusco;Lara;Efectivo;AjiPanca;Condimentos;308 ;96 ;11200 
ven356;Cusco;Lara;Efectivo;AjiPanca;Condimentos;308 ;20 ;13105 
ven361;Cusco;Lara;Efectivo;Bolillos;Productos_Horneados;140 ;100 ;12107 
ven362;Cusco;Lara;Tarjeta;Bolillos;Productos_Horneados;140 ;66 ;13160 
ven007;Chimbote;Nancy;Tarjeta;Galleta;Productos_Horneados;129 ;36 ;6248 
ven013;Chimbote;Nancy;Tarjeta;Galleta;Productos_Horneados;129 ;19 ;30694 
ven017;Lima;Nancy;Tarjeta;TeVerde;Bebidas;42 ;22 ;14637 
ven022;Lima;Nancy;Tarjeta;Carne;Carne_Enlatada;258 ;23 ;55384 
ven027;Trujillo;Nancy;Tarjeta;Cafe;Bebidas;644 ;86 ;5152 
ven038;Chimbote;Nancy;Cheque;Mozzarella;Productos_Lacteos;487 ;27 ;9016 
ven039;Chimbote;Nancy;Cheque;SalsaCurry;Salsas;560 ;38 ;3772 
ven040;Lima;Nancy;Tarjeta;Carne;Carne_Enlatada;258 ;45 ;27770 
ven050;Chimbote;Nancy;Efectivo;Galleta;Productos_Horneados;129 ;54 ;10819 
ven053;Lima;Nancy;Tarjeta;Carne;Carne_Enlatada;258 ;75 ;42000 
ven064;Lima;Nancy;Efectivo;Carne;Carne_Enlatada;258 ;13 ;8390 
ven065;Chimbote;Nancy;Efectivo;Chocolate;Dulces;179 ;57 ;14616 
ven067;Lima;Nancy;Tarjeta;TeChai;Bebidas;252 ;99 ;2117 
ven074;Chimbote;Nancy;Tarjeta;SalsaCurry;Salsas;560 ;73 ;2219 
ven088;Lima;Nancy;Tarjeta;TeVerde;Bebidas;43 ;18 ;49280 
ven091;Chimbote;Nancy;Tarjeta;Galleta;Productos_Horneados;129 ;76 ;19208 
ven093;Chimbote;Nancy;Tarjeta;SalsaCurry;Salsas;560 ;48 ;18290 
ven098;Lima;Nancy;Tarjeta;TeVerde;Bebidas;42 ;14 ;29484 
ven100;Lima;Nancy;Efectivo;Cafe;Bebidas;644 ;22 ;15680 
ven103;Lima;Nancy;Cheque;Carne;Carne_Enlatada;258 ;76 ;7448 
ven105;Lima;Nancy;Efectivo;Cafe;Bebidas;21 ;4 ;9789 
ven112;Chimbote;Nancy;Tarjeta;Chocolate;Dulces;179 ;41 ;14364 
ven115;Trujillo;Nancy;Efectivo;Cafe;Bebidas;644 ;41 ;61824 
ven116;Lima;Nancy;Tarjeta;Carne;Carne_Enlatada;258 ;71 ;33617 
ven119;Chimbote;Nancy;Tarjeta;Mozzarella;Productos_Lacteos;487 ;30 ;30694 
ven120;Chimbote;Nancy;Cheque;SalsaCurry;Salsas;560 ;91 ;22932 
ven122;Chimbote;Nancy;Efectivo;Mozzarella;Productos_Lacteos;487 ;24 ;10388 
ven124;Chimbote;Nancy;Tarjeta;SalsaCurry;Salsas;34 ;3 ;198 
ven130;Lima;Nancy;Cheque;TeVerde;Bebidas;42 ;51 ;18816 
ven132;Lima;Nancy;Efectivo;TeChai;Bebidas;252 ;42 ;9660 
ven133;Chimbote;Nancy;Tarjeta;Galleta;Productos_Horneados;11 ;18 ;43680 
ven134;Lima;Nancy;Efectivo;TeChai;Bebidas;252 ;29 ;3091 
ven138;Chimbote;Nancy;Efectivo;Chocolate;Dulces;179 ;13 ;13580 
ven139;Lima;Nancy;Efectivo;Cafe;Bebidas;644 ;97 ;111132 
ven144;Chimbote;Nancy;Tarjeta;Galleta;Productos_Horneados;129 ;100 ;1862 
ven147;Chimbote;Nancy;Tarjeta;SalsaCurry;Salsas;560 ;78 ;13440 
ven149;Chimbote;Nancy;Tarjeta;Mozzarella;Productos_Lacteos;487 ;63 ;1519 
ven154;Lima;Nancy;Tarjeta;TeChai;Bebidas;252 ;55 ;28258 
ven156;Chimbote;Nancy;Cheque;SalsaCurry;Salsas;560 ;28 ;37520 
ven159;Trujillo;Nancy;Efectivo;Cafe;Bebidas;644 ;31 ;26404 
ven160;Lima;Nancy;Tarjeta;TeChai;Bebidas;50 ;75 ;47012 
ven161;Chimbote;Nancy;Cheque;SalsaCurry;Salsas;560 ;85 ;4186 
ven180;Lima;Nancy;Efectivo;TeVerde;Bebidas;42 ;85 ;20034 
ven181;Lima;Nancy;Tarjeta;TeVerde;Bebidas;42 ;44 ;14816 
ven184;Chimbote;Nancy;Tarjeta;Mozzarella;Productos_Lacteos;487 ;22 ;10304 
ven185;Chimbote;Nancy;Efectivo;Chocolate;Dulces;179 ;43 ;3392 
ven190;Lima;Nancy;Tarjeta;TeVerde;Bebidas;42 ;64 ;9997 
ven192;Lima;Nancy;Tarjeta;Cafe;Bebidas;644 ;89 ;6720 
ven194;Lima;Nancy;Tarjeta;Cafe;Bebidas;644 ;77 ;5281 
ven209;Lima;Nancy;Tarjeta;Carne;Carne_Enlatada;258 ;42 ;3684 
ven215;Chimbote;Nancy;Cheque;SalsaCurry;Salsas;560 ;48 ;6860 
ven216;Lima;Nancy;Tarjeta;TeChai;Bebidas;252 ;22 ;49588 
ven217;Trujillo;Nancy;Efectivo;Cafe;Bebidas;644 ;71 ;37996 
ven232;Chimbote;Nancy;Cheque;Galleta;Productos_Horneados;129 ;77 ;3378 
ven237;Chimbote;Nancy;Tarjeta;SalsaCurry;Salsas;560 ;52 ;539 
ven243;Chimbote;Nancy;Cheque;Chocolate;Dulces;179 ;41 ;61236 
ven244;Trujillo;Nancy;Tarjeta;Cafe;Bebidas;644 ;59 ;40320 
ven245;Lima;Nancy;Efectivo;TeChai;Bebidas;252 ;91 ;4550 
ven253;Trujillo;Nancy;Efectivo;Cafe;Bebidas;45 ;97 ;3822 
ven257;Lima;Nancy;Tarjeta;TeVerde;Bebidas;42 ;73 ;3520 
ven260;Lima;Nancy;Efectivo;TeChai;Bebidas;252 ;33 ;5600 
ven279;Chimbote;Nancy;Cheque;Mozzarella;Productos_Lacteos;487 ;63 ;10388 
ven282;Lima;Nancy;Tarjeta;Cafe;Bebidas;644 ;14 ;3822 
ven286;Chimbote;Nancy;Tarjeta;Mozzarella;Productos_Lacteos;487 ;100 ;14112 
ven289;Trujillo;Nancy;Cheque;Cafe;Bebidas;644 ;62 ;6440 
ven293;Lima;Nancy;Cheque;TeVerde;Bebidas;42 ;81 ;9520 
ven306;Chimbote;Nancy;Cheque;Chocolate;Dulces;179 ;19 ;10760 
ven313;Lima;Nancy;Cheque;Cafe;Bebidas;644 ;73 ;16744 
ven314;Chimbote;Nancy;Tarjeta;Chocolate;Dulces;179 ;61 ;1891 
ven318;Lima;Nancy;Efectivo;TeChai;Bebidas;252 ;58 ;10304 
ven323;Chimbote;Nancy;Cheque;Galleta;Productos_Horneados;129 ;80 ;3349 
ven326;Chimbote;Nancy;Efectivo;Galleta;Productos_Horneados;129 ;97 ;4116 
ven329;Chimbote;Nancy;Tarjeta;Galleta;Productos_Horneados;129 ;12 ;5544 
ven340;Chimbote;Nancy;Tarjeta;Chocolate;Dulces;179 ;83 ;10718 
ven341;Chimbote;Nancy;Efectivo;Galleta;Productos_Horneados;129 ;40 ;14196 
ven342;Chimbote;Nancy;Efectivo;Chocolate;Dulces;46 ;86 ;2352 
ven344;Chimbote;Nancy;Efectivo;Mozzarella;Productos_Lacteos;487 ;93 ;1372 
ven346;Lima;Nancy;Efectivo;Cafe;Bebidas;644 ;16 ;3223 
ven364;Chimbote;Nancy;Tarjeta;Chocolate;Dulces;179 ;92 ;58968 
ven365;Chimbote;Nancy;Tarjeta;Galleta;Productos_Horneados;129 ;51 ;45220 
ven014;Huancayo;Rigoberto;Cheque;Almejas;Sopas;135 ;76 ;52640 
ven046;Huancayo;Rigoberto;Cheque;Ravioli;Pasta;273 ;82 ;7986 
ven051;Huancayo;Rigoberto;Efectivo;Mozzarella;Productos_Lacteos;46 ;82 ;3956 
ven056;Huancayo;Rigoberto;Tarjeta;Ravioli;Pasta;273 ;87 ;13105 
ven061;Huancayo;Rigoberto;Cheque;Mozzarella;Productos_Lacteos;487 ;32 ;3936 
ven068;Huancayo;Rigoberto;Cheque;Mozzarella;Productos_Lacteos;487 ;70 ;16141 
ven077;Huancayo;Rigoberto;Efectivo;Mozzarella;Productos_Lacteos;487 ;11 ;5809 
ven078;Huancayo;Rigoberto;Cheque;Mozzarella;Productos_Lacteos;487 ;88 ;6440 
ven082;Huancayo;Rigoberto;Tarjeta;Ravioli;Pasta;273 ;27 ;47656 
ven094;Huancayo;Rigoberto;Cheque;Ravioli;Pasta;273 ;61 ;6160 
ven114;Huancayo;Rigoberto;Efectivo;Almejas;Sopas;135 ;89 ;18200 
ven118;Huancayo;Rigoberto;Cheque;Almejas;Sopas;135 ;27 ;39928 
ven142;Huancayo;Rigoberto;Efectivo;Mozzarella;Productos_Lacteos;487 ;57 ;1029 
ven143;Huancayo;Rigoberto;Tarjeta;Ravioli;Pasta;273 ;20 ;7676 
ven148;Huancayo;Rigoberto;Tarjeta;Almejas;Sopas;135 ;18 ;2447 
ven157;Huancayo;Rigoberto;Tarjeta;Ravioli;Pasta;273 ;66 ;36288 
ven171;Huancayo;Rigoberto;Tarjeta;Almejas;Sopas;135 ;90 ;16422 
ven176;Huancayo;Rigoberto;Efectivo;Mozzarella;Productos_Lacteos;487 ;37 ;25228 
ven208;Huancayo;Rigoberto;Efectivo;Ravioli;Pasta;33 ;8 ;4508 
ven238;Huancayo;Rigoberto;Tarjeta;Ravioli;Pasta;273 ;48 ;10175 
ven251;Huancayo;Rigoberto;Cheque;Ravioli;Pasta;273 ;64 ;3626 
ven264;Huancayo;Rigoberto;Cheque;Mozzarella;Productos_Lacteos;487 ;69 ;3430 
ven295;Huancayo;Rigoberto;Tarjeta;Mozzarella;Productos_Lacteos;487 ;58 ;92988 
ven322;Huancayo;Rigoberto;Cheque;Mozzarella;Productos_Lacteos;487 ;27 ;774 
ven360;Huancayo;Rigoberto;Tarjeta;Almejas;Sopas;135 ;14 ;1540 
ven366;Huancayo;Rigoberto;Cheque;Ravioli;Pasta;273 ;55 ;28993 
